medium_id,reaction_id,lower_bound,upper_bound,rationale,source
Keibler_184A1_EV_EGF5_growth_adjusted_v1,R_EX_glc__D_e,-3.7669809219613,0,"Keibler 10 mM starting inventory; Trial 1 growth-adjusted complete-depletion ceiling","Keibler et al. 2021 supplemented-DMEM composition; Trial 1 complete-depletion calculation; other mapped basal exchanges capped at 10 mmol/gDW/h"
Keibler_184A1_EV_EGF5_growth_adjusted_v1,R_EX_gln__L_e,-1.50679236878452,0,"Keibler 4 mM starting inventory; Trial 1 growth-adjusted complete-depletion ceiling","Keibler et al. 2021 supplemented-DMEM composition; Trial 1 complete-depletion calculation; other mapped basal exchanges capped at 10 mmol/gDW/h"
Keibler_184A1_EV_EGF5_growth_adjusted_v1,R_EX_o2_e,-10,0,"mapped supplemented-DMEM component; finite exercise uptake capacity","Keibler et al. 2021 supplemented-DMEM composition; Trial 1 complete-depletion calculation; other mapped basal exchanges capped at 10 mmol/gDW/h"
Keibler_184A1_EV_EGF5_growth_adjusted_v1,R_EX_co2_e,-10,0,"mapped supplemented-DMEM component; finite exercise uptake capacity","Keibler et al. 2021 supplemented-DMEM composition; Trial 1 complete-depletion calculation; other mapped basal exchanges capped at 10 mmol/gDW/h"
Keibler_184A1_EV_EGF5_growth_adjusted_v1,R_EX_h2o_e,-10,0,"mapped supplemented-DMEM component; finite exercise uptake capacity","Keibler et al. 2021 supplemented-DMEM composition; Trial 1 complete-depletion calculation; other mapped basal exchanges capped at 10 mmol/gDW/h"
Keibler_184A1_EV_EGF5_growth_adjusted_v1,R_EX_h_e,-10,0,"mapped supplemented-DMEM component; finite exercise uptake capacity","Keibler et al. 2021 supplemented-DMEM composition; Trial 1 complete-depletion calculation; other mapped basal exchanges capped at 10 mmol/gDW/h"
Keibler_184A1_EV_EGF5_growth_adjusted_v1,R_EX_nh4_e,-10,0,"mapped supplemented-DMEM component; finite exercise uptake capacity","Keibler et al. 2021 supplemented-DMEM composition; Trial 1 complete-depletion calculation; other mapped basal exchanges capped at 10 mmol/gDW/h"
Keibler_184A1_EV_EGF5_growth_adjusted_v1,R_EX_na1_e,-10,0,"mapped supplemented-DMEM component; finite exercise uptake capacity","Keibler et al. 2021 supplemented-DMEM composition; Trial 1 complete-depletion calculation; other mapped basal exchanges capped at 10 mmol/gDW/h"
Keibler_184A1_EV_EGF5_growth_adjusted_v1,R_EX_k_e,-10,0,"mapped supplemented-DMEM component; finite exercise uptake capacity","Keibler et al. 2021 supplemented-DMEM composition; Trial 1 complete-depletion calculation; other mapped basal exchanges capped at 10 mmol/gDW/h"
Keibler_184A1_EV_EGF5_growth_adjusted_v1,R_EX_cl_e,-10,0,"mapped supplemented-DMEM component; finite exercise uptake capacity","Keibler et al. 2021 supplemented-DMEM composition; Trial 1 complete-depletion calculation; other mapped basal exchanges capped at 10 mmol/gDW/h"
Keibler_184A1_EV_EGF5_growth_adjusted_v1,R_EX_ca2_e,-10,0,"mapped supplemented-DMEM component; finite exercise uptake capacity","Keibler et al. 2021 supplemented-DMEM composition; Trial 1 complete-depletion calculation; other mapped basal exchanges capped at 10 mmol/gDW/h"
Keibler_184A1_EV_EGF5_growth_adjusted_v1,R_EX_pi_e,-10,0,"mapped supplemented-DMEM component; finite exercise uptake capacity","Keibler et al. 2021 supplemented-DMEM composition; Trial 1 complete-depletion calculation; other mapped basal exchanges capped at 10 mmol/gDW/h"
Keibler_184A1_EV_EGF5_growth_adjusted_v1,R_EX_so4_e,-10,0,"mapped supplemented-DMEM component; finite exercise uptake capacity","Keibler et al. 2021 supplemented-DMEM composition; Trial 1 complete-depletion calculation; other mapped basal exchanges capped at 10 mmol/gDW/h"
Keibler_184A1_EV_EGF5_growth_adjusted_v1,R_EX_fe2_e,-10,0,"mapped supplemented-DMEM component; finite exercise uptake capacity","Keibler et al. 2021 supplemented-DMEM composition; Trial 1 complete-depletion calculation; other mapped basal exchanges capped at 10 mmol/gDW/h"
Keibler_184A1_EV_EGF5_growth_adjusted_v1,R_EX_fe3_e,-10,0,"mapped supplemented-DMEM component; finite exercise uptake capacity","Keibler et al. 2021 supplemented-DMEM composition; Trial 1 complete-depletion calculation; other mapped basal exchanges capped at 10 mmol/gDW/h"
Keibler_184A1_EV_EGF5_growth_adjusted_v1,R_EX_hco3_e,-10,0,"mapped supplemented-DMEM component; finite exercise uptake capacity","Keibler et al. 2021 supplemented-DMEM composition; Trial 1 complete-depletion calculation; other mapped basal exchanges capped at 10 mmol/gDW/h"
Keibler_184A1_EV_EGF5_growth_adjusted_v1,R_EX_arg__L_e,-10,0,"mapped supplemented-DMEM component; finite exercise uptake capacity","Keibler et al. 2021 supplemented-DMEM composition; Trial 1 complete-depletion calculation; other mapped basal exchanges capped at 10 mmol/gDW/h"
Keibler_184A1_EV_EGF5_growth_adjusted_v1,R_EX_asn__L_e,-10,0,"mapped supplemented-DMEM component; finite exercise uptake capacity","Keibler et al. 2021 supplemented-DMEM composition; Trial 1 complete-depletion calculation; other mapped basal exchanges capped at 10 mmol/gDW/h"
Keibler_184A1_EV_EGF5_growth_adjusted_v1,R_EX_asp__L_e,-10,0,"mapped supplemented-DMEM component; finite exercise uptake capacity","Keibler et al. 2021 supplemented-DMEM composition; Trial 1 complete-depletion calculation; other mapped basal exchanges capped at 10 mmol/gDW/h"
Keibler_184A1_EV_EGF5_growth_adjusted_v1,R_EX_cysi__L_e,-10,0,"mapped supplemented-DMEM component; finite exercise uptake capacity","Keibler et al. 2021 supplemented-DMEM composition; Trial 1 complete-depletion calculation; other mapped basal exchanges capped at 10 mmol/gDW/h"
Keibler_184A1_EV_EGF5_growth_adjusted_v1,R_EX_glu__L_e,-10,0,"mapped supplemented-DMEM component; finite exercise uptake capacity","Keibler et al. 2021 supplemented-DMEM composition; Trial 1 complete-depletion calculation; other mapped basal exchanges capped at 10 mmol/gDW/h"
Keibler_184A1_EV_EGF5_growth_adjusted_v1,R_EX_gly_e,-10,0,"mapped supplemented-DMEM component; finite exercise uptake capacity","Keibler et al. 2021 supplemented-DMEM composition; Trial 1 complete-depletion calculation; other mapped basal exchanges capped at 10 mmol/gDW/h"
Keibler_184A1_EV_EGF5_growth_adjusted_v1,R_EX_his__L_e,-10,0,"mapped supplemented-DMEM component; finite exercise uptake capacity","Keibler et al. 2021 supplemented-DMEM composition; Trial 1 complete-depletion calculation; other mapped basal exchanges capped at 10 mmol/gDW/h"
Keibler_184A1_EV_EGF5_growth_adjusted_v1,R_EX_ile__L_e,-10,0,"mapped supplemented-DMEM component; finite exercise uptake capacity","Keibler et al. 2021 supplemented-DMEM composition; Trial 1 complete-depletion calculation; other mapped basal exchanges capped at 10 mmol/gDW/h"
Keibler_184A1_EV_EGF5_growth_adjusted_v1,R_EX_leu__L_e,-10,0,"mapped supplemented-DMEM component; finite exercise uptake capacity","Keibler et al. 2021 supplemented-DMEM composition; Trial 1 complete-depletion calculation; other mapped basal exchanges capped at 10 mmol/gDW/h"
Keibler_184A1_EV_EGF5_growth_adjusted_v1,R_EX_lys__L_e,-10,0,"mapped supplemented-DMEM component; finite exercise uptake capacity","Keibler et al. 2021 supplemented-DMEM composition; Trial 1 complete-depletion calculation; other mapped basal exchanges capped at 10 mmol/gDW/h"
Keibler_184A1_EV_EGF5_growth_adjusted_v1,R_EX_met__L_e,-10,0,"mapped supplemented-DMEM component; finite exercise uptake capacity","Keibler et al. 2021 supplemented-DMEM composition; Trial 1 complete-depletion calculation; other mapped basal exchanges capped at 10 mmol/gDW/h"
Keibler_184A1_EV_EGF5_growth_adjusted_v1,R_EX_phe__L_e,-10,0,"mapped supplemented-DMEM component; finite exercise uptake capacity","Keibler et al. 2021 supplemented-DMEM composition; Trial 1 complete-depletion calculation; other mapped basal exchanges capped at 10 mmol/gDW/h"
Keibler_184A1_EV_EGF5_growth_adjusted_v1,R_EX_pro__L_e,-10,0,"mapped supplemented-DMEM component; finite exercise uptake capacity","Keibler et al. 2021 supplemented-DMEM composition; Trial 1 complete-depletion calculation; other mapped basal exchanges capped at 10 mmol/gDW/h"
Keibler_184A1_EV_EGF5_growth_adjusted_v1,R_EX_ser__L_e,-10,0,"mapped supplemented-DMEM component; finite exercise uptake capacity","Keibler et al. 2021 supplemented-DMEM composition; Trial 1 complete-depletion calculation; other mapped basal exchanges capped at 10 mmol/gDW/h"
Keibler_184A1_EV_EGF5_growth_adjusted_v1,R_EX_thr__L_e,-10,0,"mapped supplemented-DMEM component; finite exercise uptake capacity","Keibler et al. 2021 supplemented-DMEM composition; Trial 1 complete-depletion calculation; other mapped basal exchanges capped at 10 mmol/gDW/h"
Keibler_184A1_EV_EGF5_growth_adjusted_v1,R_EX_trp__L_e,-10,0,"mapped supplemented-DMEM component; finite exercise uptake capacity","Keibler et al. 2021 supplemented-DMEM composition; Trial 1 complete-depletion calculation; other mapped basal exchanges capped at 10 mmol/gDW/h"
Keibler_184A1_EV_EGF5_growth_adjusted_v1,R_EX_tyr__L_e,-10,0,"mapped supplemented-DMEM component; finite exercise uptake capacity","Keibler et al. 2021 supplemented-DMEM composition; Trial 1 complete-depletion calculation; other mapped basal exchanges capped at 10 mmol/gDW/h"
Keibler_184A1_EV_EGF5_growth_adjusted_v1,R_EX_val__L_e,-10,0,"mapped supplemented-DMEM component; finite exercise uptake capacity","Keibler et al. 2021 supplemented-DMEM composition; Trial 1 complete-depletion calculation; other mapped basal exchanges capped at 10 mmol/gDW/h"
Keibler_184A1_EV_EGF5_growth_adjusted_v1,R_EX_btn_e,-10,0,"mapped supplemented-DMEM component; finite exercise uptake capacity","Keibler et al. 2021 supplemented-DMEM composition; Trial 1 complete-depletion calculation; other mapped basal exchanges capped at 10 mmol/gDW/h"
Keibler_184A1_EV_EGF5_growth_adjusted_v1,R_EX_fol_e,-10,0,"mapped supplemented-DMEM component; finite exercise uptake capacity","Keibler et al. 2021 supplemented-DMEM composition; Trial 1 complete-depletion calculation; other mapped basal exchanges capped at 10 mmol/gDW/h"
Keibler_184A1_EV_EGF5_growth_adjusted_v1,R_EX_ribflv_e,-10,0,"mapped supplemented-DMEM component; finite exercise uptake capacity","Keibler et al. 2021 supplemented-DMEM composition; Trial 1 complete-depletion calculation; other mapped basal exchanges capped at 10 mmol/gDW/h"
Keibler_184A1_EV_EGF5_growth_adjusted_v1,R_EX_thm_e,-10,0,"mapped supplemented-DMEM component; finite exercise uptake capacity","Keibler et al. 2021 supplemented-DMEM composition; Trial 1 complete-depletion calculation; other mapped basal exchanges capped at 10 mmol/gDW/h"
Keibler_184A1_EV_EGF5_growth_adjusted_v1,R_EX_pnto__R_e,-10,0,"mapped supplemented-DMEM component; finite exercise uptake capacity","Keibler et al. 2021 supplemented-DMEM composition; Trial 1 complete-depletion calculation; other mapped basal exchanges capped at 10 mmol/gDW/h"
Keibler_184A1_EV_EGF5_growth_adjusted_v1,R_EX_pydx_e,-10,0,"mapped supplemented-DMEM component; finite exercise uptake capacity","Keibler et al. 2021 supplemented-DMEM composition; Trial 1 complete-depletion calculation; other mapped basal exchanges capped at 10 mmol/gDW/h"
Keibler_184A1_EV_EGF5_growth_adjusted_v1,R_EX_inost_e,-10,0,"mapped supplemented-DMEM component; finite exercise uptake capacity","Keibler et al. 2021 supplemented-DMEM composition; Trial 1 complete-depletion calculation; other mapped basal exchanges capped at 10 mmol/gDW/h"
Keibler_184A1_EV_EGF5_growth_adjusted_v1,R_EX_chol_e,-10,0,"mapped supplemented-DMEM component; finite exercise uptake capacity","Keibler et al. 2021 supplemented-DMEM composition; Trial 1 complete-depletion calculation; other mapped basal exchanges capped at 10 mmol/gDW/h"
Keibler_184A1_EV_EGF5_growth_adjusted_v2,R_EX_glc__D_e,-3.7669809219613,0,"Keibler 10 mM starting inventory; Trial 1 growth-adjusted complete-depletion ceiling","Keibler et al. 2021 supplemented DMEM (glucose 10 mM, glutamine 4 mM) plus standard DMEM reference formulation; every defined component capped by the Trial 1 complete-depletion calculation; O2/CO2/H2O/H+ at 10 mmol/gDW/h; secretion allowed except glucose/glutamine"
Keibler_184A1_EV_EGF5_growth_adjusted_v2,R_EX_gln__L_e,-1.50679236878452,0,"Keibler 4 mM starting inventory; Trial 1 growth-adjusted complete-depletion ceiling","Keibler et al. 2021 supplemented DMEM (glucose 10 mM, glutamine 4 mM) plus standard DMEM reference formulation; every defined component capped by the Trial 1 complete-depletion calculation; O2/CO2/H2O/H+ at 10 mmol/gDW/h; secretion allowed except glucose/glutamine"
Keibler_184A1_EV_EGF5_growth_adjusted_v2,R_EX_o2_e,-10,1000,"gas/solvent exchange; finite exercise uptake capacity; secretion allowed","Keibler et al. 2021 supplemented DMEM (glucose 10 mM, glutamine 4 mM) plus standard DMEM reference formulation; every defined component capped by the Trial 1 complete-depletion calculation; O2/CO2/H2O/H+ at 10 mmol/gDW/h; secretion allowed except glucose/glutamine"
Keibler_184A1_EV_EGF5_growth_adjusted_v2,R_EX_co2_e,-10,1000,"gas/solvent exchange; finite exercise uptake capacity; secretion allowed","Keibler et al. 2021 supplemented DMEM (glucose 10 mM, glutamine 4 mM) plus standard DMEM reference formulation; every defined component capped by the Trial 1 complete-depletion calculation; O2/CO2/H2O/H+ at 10 mmol/gDW/h; secretion allowed except glucose/glutamine"
Keibler_184A1_EV_EGF5_growth_adjusted_v2,R_EX_h2o_e,-10,1000,"gas/solvent exchange; finite exercise uptake capacity; secretion allowed","Keibler et al. 2021 supplemented DMEM (glucose 10 mM, glutamine 4 mM) plus standard DMEM reference formulation; every defined component capped by the Trial 1 complete-depletion calculation; O2/CO2/H2O/H+ at 10 mmol/gDW/h; secretion allowed except glucose/glutamine"
Keibler_184A1_EV_EGF5_growth_adjusted_v2,R_EX_h_e,-10,1000,"gas/solvent exchange; finite exercise uptake capacity; secretion allowed","Keibler et al. 2021 supplemented DMEM (glucose 10 mM, glutamine 4 mM) plus standard DMEM reference formulation; every defined component capped by the Trial 1 complete-depletion calculation; O2/CO2/H2O/H+ at 10 mmol/gDW/h; secretion allowed except glucose/glutamine"
Keibler_184A1_EV_EGF5_growth_adjusted_v2,R_EX_nh4_e,0,1000,"ammonium absent from formulation; uptake closed; secretion allowed","Keibler et al. 2021 supplemented DMEM (glucose 10 mM, glutamine 4 mM) plus standard DMEM reference formulation; every defined component capped by the Trial 1 complete-depletion calculation; O2/CO2/H2O/H+ at 10 mmol/gDW/h; secretion allowed except glucose/glutamine"
Keibler_184A1_EV_EGF5_growth_adjusted_v2,R_EX_na1_e,-58.1998552443022,1000,"sodium 154.5 mM; Trial 1 growth-adjusted complete-depletion ceiling; secretion allowed","Keibler et al. 2021 supplemented DMEM (glucose 10 mM, glutamine 4 mM) plus standard DMEM reference formulation; every defined component capped by the Trial 1 complete-depletion calculation; O2/CO2/H2O/H+ at 10 mmol/gDW/h; secretion allowed except glucose/glutamine"
Keibler_184A1_EV_EGF5_growth_adjusted_v2,R_EX_k_e,-2.02136196272444,1000,"potassium 5.366 mM; Trial 1 growth-adjusted complete-depletion ceiling; secretion allowed","Keibler et al. 2021 supplemented DMEM (glucose 10 mM, glutamine 4 mM) plus standard DMEM reference formulation; every defined component capped by the Trial 1 complete-depletion calculation; O2/CO2/H2O/H+ at 10 mmol/gDW/h; secretion allowed except glucose/glutamine"
Keibler_184A1_EV_EGF5_growth_adjusted_v2,R_EX_cl_e,-44.6387239252415,1000,"chloride 118.5 mM; Trial 1 growth-adjusted complete-depletion ceiling; secretion allowed","Keibler et al. 2021 supplemented DMEM (glucose 10 mM, glutamine 4 mM) plus standard DMEM reference formulation; every defined component capped by the Trial 1 complete-depletion calculation; O2/CO2/H2O/H+ at 10 mmol/gDW/h; secretion allowed except glucose/glutamine"
Keibler_184A1_EV_EGF5_growth_adjusted_v2,R_EX_ca2_e,-0.678809962137427,1000,"calcium 1.802 mM; Trial 1 growth-adjusted complete-depletion ceiling; secretion allowed","Keibler et al. 2021 supplemented DMEM (glucose 10 mM, glutamine 4 mM) plus standard DMEM reference formulation; every defined component capped by the Trial 1 complete-depletion calculation; O2/CO2/H2O/H+ at 10 mmol/gDW/h; secretion allowed except glucose/glutamine"
Keibler_184A1_EV_EGF5_growth_adjusted_v2,R_EX_pi_e,-0.341250801720475,1000,"phosphate 0.9059 mM; Trial 1 growth-adjusted complete-depletion ceiling; secretion allowed","Keibler et al. 2021 supplemented DMEM (glucose 10 mM, glutamine 4 mM) plus standard DMEM reference formulation; every defined component capped by the Trial 1 complete-depletion calculation; O2/CO2/H2O/H+ at 10 mmol/gDW/h; secretion allowed except glucose/glutamine"
Keibler_184A1_EV_EGF5_growth_adjusted_v2,R_EX_so4_e,-0.30565283200794,1000,"sulfate 0.8114 mM; Trial 1 growth-adjusted complete-depletion ceiling; secretion allowed","Keibler et al. 2021 supplemented DMEM (glucose 10 mM, glutamine 4 mM) plus standard DMEM reference formulation; every defined component capped by the Trial 1 complete-depletion calculation; O2/CO2/H2O/H+ at 10 mmol/gDW/h; secretion allowed except glucose/glutamine"
Keibler_184A1_EV_EGF5_growth_adjusted_v2,R_EX_fe2_e,0,1000,"iron(II) absent from formulation; uptake closed; secretion allowed","Keibler et al. 2021 supplemented DMEM (glucose 10 mM, glutamine 4 mM) plus standard DMEM reference formulation; every defined component capped by the Trial 1 complete-depletion calculation; O2/CO2/H2O/H+ at 10 mmol/gDW/h; secretion allowed except glucose/glutamine"
Keibler_184A1_EV_EGF5_growth_adjusted_v2,R_EX_fe3_e,-9.32327778185423e-05,1000,"iron(III) 0.0002475 mM; Trial 1 growth-adjusted complete-depletion ceiling; secretion allowed","Keibler et al. 2021 supplemented DMEM (glucose 10 mM, glutamine 4 mM) plus standard DMEM reference formulation; every defined component capped by the Trial 1 complete-depletion calculation; O2/CO2/H2O/H+ at 10 mmol/gDW/h; secretion allowed except glucose/glutamine"
Keibler_184A1_EV_EGF5_growth_adjusted_v2,R_EX_hco3_e,-16.5897839803176,1000,"bicarbonate 44.04 mM; Trial 1 growth-adjusted complete-depletion ceiling; secretion allowed","Keibler et al. 2021 supplemented DMEM (glucose 10 mM, glutamine 4 mM) plus standard DMEM reference formulation; every defined component capped by the Trial 1 complete-depletion calculation; O2/CO2/H2O/H+ at 10 mmol/gDW/h; secretion allowed except glucose/glutamine"
Keibler_184A1_EV_EGF5_growth_adjusted_v2,R_EX_arg__L_e,-0.150189529358597,1000,"L-arginine 0.3987 mM; Trial 1 growth-adjusted complete-depletion ceiling; secretion allowed","Keibler et al. 2021 supplemented DMEM (glucose 10 mM, glutamine 4 mM) plus standard DMEM reference formulation; every defined component capped by the Trial 1 complete-depletion calculation; O2/CO2/H2O/H+ at 10 mmol/gDW/h; secretion allowed except glucose/glutamine"
Keibler_184A1_EV_EGF5_growth_adjusted_v2,R_EX_asn__L_e,0,1000,"L-asparagine absent from formulation; uptake closed; secretion allowed","Keibler et al. 2021 supplemented DMEM (glucose 10 mM, glutamine 4 mM) plus standard DMEM reference formulation; every defined component capped by the Trial 1 complete-depletion calculation; O2/CO2/H2O/H+ at 10 mmol/gDW/h; secretion allowed except glucose/glutamine"
Keibler_184A1_EV_EGF5_growth_adjusted_v2,R_EX_asp__L_e,0,1000,"L-aspartate absent from formulation; uptake closed; secretion allowed","Keibler et al. 2021 supplemented DMEM (glucose 10 mM, glutamine 4 mM) plus standard DMEM reference formulation; every defined component capped by the Trial 1 complete-depletion calculation; O2/CO2/H2O/H+ at 10 mmol/gDW/h; secretion allowed except glucose/glutamine"
Keibler_184A1_EV_EGF5_growth_adjusted_v2,R_EX_cysi__L_e,-0.0757539863406418,1000,"L-cystine 0.2011 mM; Trial 1 growth-adjusted complete-depletion ceiling; secretion allowed","Keibler et al. 2021 supplemented DMEM (glucose 10 mM, glutamine 4 mM) plus standard DMEM reference formulation; every defined component capped by the Trial 1 complete-depletion calculation; O2/CO2/H2O/H+ at 10 mmol/gDW/h; secretion allowed except glucose/glutamine"
Keibler_184A1_EV_EGF5_growth_adjusted_v2,R_EX_glu__L_e,0,1000,"L-glutamate absent from formulation; uptake closed; secretion allowed","Keibler et al. 2021 supplemented DMEM (glucose 10 mM, glutamine 4 mM) plus standard DMEM reference formulation; every defined component capped by the Trial 1 complete-depletion calculation; O2/CO2/H2O/H+ at 10 mmol/gDW/h; secretion allowed except glucose/glutamine"
Keibler_184A1_EV_EGF5_growth_adjusted_v2,R_EX_gly_e,-0.150528557641574,1000,"glycine 0.3996 mM; Trial 1 growth-adjusted complete-depletion ceiling; secretion allowed","Keibler et al. 2021 supplemented DMEM (glucose 10 mM, glutamine 4 mM) plus standard DMEM reference formulation; every defined component capped by the Trial 1 complete-depletion calculation; O2/CO2/H2O/H+ at 10 mmol/gDW/h; secretion allowed except glucose/glutamine"
Keibler_184A1_EV_EGF5_growth_adjusted_v2,R_EX_his__L_e,-0.0754902976761045,1000,"L-histidine 0.2004 mM; Trial 1 growth-adjusted complete-depletion ceiling; secretion allowed","Keibler et al. 2021 supplemented DMEM (glucose 10 mM, glutamine 4 mM) plus standard DMEM reference formulation; every defined component capped by the Trial 1 complete-depletion calculation; O2/CO2/H2O/H+ at 10 mmol/gDW/h; secretion allowed except glucose/glutamine"
Keibler_184A1_EV_EGF5_growth_adjusted_v2,R_EX_ile__L_e,-0.301546822803002,1000,"L-isoleucine 0.8005 mM; Trial 1 growth-adjusted complete-depletion ceiling; secretion allowed","Keibler et al. 2021 supplemented DMEM (glucose 10 mM, glutamine 4 mM) plus standard DMEM reference formulation; every defined component capped by the Trial 1 complete-depletion calculation; O2/CO2/H2O/H+ at 10 mmol/gDW/h; secretion allowed except glucose/glutamine"
Keibler_184A1_EV_EGF5_growth_adjusted_v2,R_EX_leu__L_e,-0.301546822803002,1000,"L-leucine 0.8005 mM; Trial 1 growth-adjusted complete-depletion ceiling; secretion allowed","Keibler et al. 2021 supplemented DMEM (glucose 10 mM, glutamine 4 mM) plus standard DMEM reference formulation; every defined component capped by the Trial 1 complete-depletion calculation; O2/CO2/H2O/H+ at 10 mmol/gDW/h; secretion allowed except glucose/glutamine"
Keibler_184A1_EV_EGF5_growth_adjusted_v2,R_EX_lys__L_e,-0.301094785092367,1000,"L-lysine 0.7993 mM; Trial 1 growth-adjusted complete-depletion ceiling; secretion allowed","Keibler et al. 2021 supplemented DMEM (glucose 10 mM, glutamine 4 mM) plus standard DMEM reference formulation; every defined component capped by the Trial 1 complete-depletion calculation; O2/CO2/H2O/H+ at 10 mmol/gDW/h; secretion allowed except glucose/glutamine"
Keibler_184A1_EV_EGF5_growth_adjusted_v2,R_EX_met__L_e,-0.0757539863406418,1000,"L-methionine 0.2011 mM; Trial 1 growth-adjusted complete-depletion ceiling; secretion allowed","Keibler et al. 2021 supplemented DMEM (glucose 10 mM, glutamine 4 mM) plus standard DMEM reference formulation; every defined component capped by the Trial 1 complete-depletion calculation; O2/CO2/H2O/H+ at 10 mmol/gDW/h; secretion allowed except glucose/glutamine"
Keibler_184A1_EV_EGF5_growth_adjusted_v2,R_EX_phe__L_e,-0.150490887832354,1000,"L-phenylalanine 0.3995 mM; Trial 1 growth-adjusted complete-depletion ceiling; secretion allowed","Keibler et al. 2021 supplemented DMEM (glucose 10 mM, glutamine 4 mM) plus standard DMEM reference formulation; every defined component capped by the Trial 1 complete-depletion calculation; O2/CO2/H2O/H+ at 10 mmol/gDW/h; secretion allowed except glucose/glutamine"
Keibler_184A1_EV_EGF5_growth_adjusted_v2,R_EX_pro__L_e,0,1000,"L-proline absent from formulation; uptake closed; secretion allowed","Keibler et al. 2021 supplemented DMEM (glucose 10 mM, glutamine 4 mM) plus standard DMEM reference formulation; every defined component capped by the Trial 1 complete-depletion calculation; O2/CO2/H2O/H+ at 10 mmol/gDW/h; secretion allowed except glucose/glutamine"
Keibler_184A1_EV_EGF5_growth_adjusted_v2,R_EX_ser__L_e,-0.150566227450793,1000,"L-serine 0.3997 mM; Trial 1 growth-adjusted complete-depletion ceiling; secretion allowed","Keibler et al. 2021 supplemented DMEM (glucose 10 mM, glutamine 4 mM) plus standard DMEM reference formulation; every defined component capped by the Trial 1 complete-depletion calculation; O2/CO2/H2O/H+ at 10 mmol/gDW/h; secretion allowed except glucose/glutamine"
Keibler_184A1_EV_EGF5_growth_adjusted_v2,R_EX_thr__L_e,-0.300416728526414,1000,"L-threonine 0.7975 mM; Trial 1 growth-adjusted complete-depletion ceiling; secretion allowed","Keibler et al. 2021 supplemented DMEM (glucose 10 mM, glutamine 4 mM) plus standard DMEM reference formulation; every defined component capped by the Trial 1 complete-depletion calculation; O2/CO2/H2O/H+ at 10 mmol/gDW/h; secretion allowed except glucose/glutamine"
Keibler_184A1_EV_EGF5_growth_adjusted_v2,R_EX_trp__L_e,-0.0295105285426449,1000,"L-tryptophan 0.07834 mM; Trial 1 growth-adjusted complete-depletion ceiling; secretion allowed","Keibler et al. 2021 supplemented DMEM (glucose 10 mM, glutamine 4 mM) plus standard DMEM reference formulation; every defined component capped by the Trial 1 complete-depletion calculation; O2/CO2/H2O/H+ at 10 mmol/gDW/h; secretion allowed except glucose/glutamine"
Keibler_184A1_EV_EGF5_growth_adjusted_v2,R_EX_tyr__L_e,-0.150001180312499,1000,"L-tyrosine 0.3982 mM; Trial 1 growth-adjusted complete-depletion ceiling; secretion allowed","Keibler et al. 2021 supplemented DMEM (glucose 10 mM, glutamine 4 mM) plus standard DMEM reference formulation; every defined component capped by the Trial 1 complete-depletion calculation; O2/CO2/H2O/H+ at 10 mmol/gDW/h; secretion allowed except glucose/glutamine"
Keibler_184A1_EV_EGF5_growth_adjusted_v2,R_EX_val__L_e,-0.302262549178175,1000,"L-valine 0.8024 mM; Trial 1 growth-adjusted complete-depletion ceiling; secretion allowed","Keibler et al. 2021 supplemented DMEM (glucose 10 mM, glutamine 4 mM) plus standard DMEM reference formulation; every defined component capped by the Trial 1 complete-depletion calculation; O2/CO2/H2O/H+ at 10 mmol/gDW/h; secretion allowed except glucose/glutamine"
Keibler_184A1_EV_EGF5_growth_adjusted_v2,R_EX_btn_e,0,1000,"biotin absent from formulation; uptake closed; secretion allowed","Keibler et al. 2021 supplemented DMEM (glucose 10 mM, glutamine 4 mM) plus standard DMEM reference formulation; every defined component capped by the Trial 1 complete-depletion calculation; O2/CO2/H2O/H+ at 10 mmol/gDW/h; secretion allowed except glucose/glutamine"
Keibler_184A1_EV_EGF5_growth_adjusted_v2,R_EX_fol_e,-0.00341363811148134,1000,"folate 0.009062 mM; Trial 1 growth-adjusted complete-depletion ceiling; secretion allowed","Keibler et al. 2021 supplemented DMEM (glucose 10 mM, glutamine 4 mM) plus standard DMEM reference formulation; every defined component capped by the Trial 1 complete-depletion calculation; O2/CO2/H2O/H+ at 10 mmol/gDW/h; secretion allowed except glucose/glutamine"
Keibler_184A1_EV_EGF5_growth_adjusted_v2,R_EX_ribflv_e,-0.000400430072004487,1000,"riboflavin 0.001063 mM; Trial 1 growth-adjusted complete-depletion ceiling; secretion allowed","Keibler et al. 2021 supplemented DMEM (glucose 10 mM, glutamine 4 mM) plus standard DMEM reference formulation; every defined component capped by the Trial 1 complete-depletion calculation; O2/CO2/H2O/H+ at 10 mmol/gDW/h; secretion allowed except glucose/glutamine"
Keibler_184A1_EV_EGF5_growth_adjusted_v2,R_EX_thm_e,-0.00446763937344611,1000,"thiamine 0.01186 mM; Trial 1 growth-adjusted complete-depletion ceiling; secretion allowed","Keibler et al. 2021 supplemented DMEM (glucose 10 mM, glutamine 4 mM) plus standard DMEM reference formulation; every defined component capped by the Trial 1 complete-depletion calculation; O2/CO2/H2O/H+ at 10 mmol/gDW/h; secretion allowed except glucose/glutamine"
Keibler_184A1_EV_EGF5_growth_adjusted_v2,R_EX_pnto__R_e,-0.00632476096797303,1000,"pantothenate 0.01679 mM; Trial 1 growth-adjusted complete-depletion ceiling; secretion allowed","Keibler et al. 2021 supplemented DMEM (glucose 10 mM, glutamine 4 mM) plus standard DMEM reference formulation; every defined component capped by the Trial 1 complete-depletion calculation; O2/CO2/H2O/H+ at 10 mmol/gDW/h; secretion allowed except glucose/glutamine"
Keibler_184A1_EV_EGF5_growth_adjusted_v2,R_EX_pydx_e,-0.007398350530732,1000,"vitamin B6 0.01964 mM; Trial 1 growth-adjusted complete-depletion ceiling; secretion allowed","Keibler et al. 2021 supplemented DMEM (glucose 10 mM, glutamine 4 mM) plus standard DMEM reference formulation; every defined component capped by the Trial 1 complete-depletion calculation; O2/CO2/H2O/H+ at 10 mmol/gDW/h; secretion allowed except glucose/glutamine"
Keibler_184A1_EV_EGF5_growth_adjusted_v2,R_EX_inost_e,-0.0150528557641574,1000,"myo-inositol 0.03996 mM; Trial 1 growth-adjusted complete-depletion ceiling; secretion allowed","Keibler et al. 2021 supplemented DMEM (glucose 10 mM, glutamine 4 mM) plus standard DMEM reference formulation; every defined component capped by the Trial 1 complete-depletion calculation; O2/CO2/H2O/H+ at 10 mmol/gDW/h; secretion allowed except glucose/glutamine"
Keibler_184A1_EV_EGF5_growth_adjusted_v2,R_EX_chol_e,-0.0107924003414191,1000,"choline 0.02865 mM; Trial 1 growth-adjusted complete-depletion ceiling; secretion allowed","Keibler et al. 2021 supplemented DMEM (glucose 10 mM, glutamine 4 mM) plus standard DMEM reference formulation; every defined component capped by the Trial 1 complete-depletion calculation; O2/CO2/H2O/H+ at 10 mmol/gDW/h; secretion allowed except glucose/glutamine"
