medium_id,condition_id,study,cell_context,base_medium,component,reported_amount,reported_unit,availability_or_role,culture_volume_ml,exposure_interval,biomass_time_basis,conversion_to_gDW_status,recon1_metabolite_id,recon1_exchange_id,fba_bound_status,source_citation,source_location,notes
Keibler2021_184A1_DMEM,EV_EGF0,Keibler et al. 2021,184A1 HMEC empty vector,Supplemented DMEM (Corning Mediatech; exact catalog formulation not resolved),D-glucose,10,mM,defined nutrient; added,2.4,approximately 48 h,integrated cellular protein (BCA; exponential growth),protein-to-gDW conversion not reported,,,composition only; no numerical Recon1 flux bound,Keibler et al. 2021 DOI:10.1111/febs.15858,Methods Cell culture; extracellular-flux protocol,EGF-free condition; not equivalent to matched GTEx breast
Keibler2021_184A1_DMEM,EV_EGF5,Keibler et al. 2021,184A1 HMEC empty vector,Supplemented DMEM (Corning Mediatech; exact catalog formulation not resolved),D-glucose,10,mM,defined nutrient; added,2.4,approximately 48 h,integrated cellular protein (BCA; exponential growth),protein-to-gDW conversion not reported,,,composition only; no numerical Recon1 flux bound,Keibler et al. 2021 DOI:10.1111/febs.15858,Methods Cell culture; extracellular-flux protocol,5 ng/mL EGF high-growth condition; not equivalent to matched GTEx breast
Keibler2021_184A1_DMEM,EV_EGF0,Keibler et al. 2021,184A1 HMEC empty vector,Supplemented DMEM (Corning Mediatech; exact catalog formulation not resolved),L-glutamine,4,mM,defined nutrient; added,2.4,approximately 48 h,integrated cellular protein (BCA; exponential growth),protein-to-gDW conversion not reported,,,composition only; no numerical Recon1 flux bound,Keibler et al. 2021 DOI:10.1111/febs.15858,Methods Cell culture; extracellular-flux protocol,EGF-free condition; glutamine degradation corrected in flux calculations
Keibler2021_184A1_DMEM,EV_EGF5,Keibler et al. 2021,184A1 HMEC empty vector,Supplemented DMEM (Corning Mediatech; exact catalog formulation not resolved),L-glutamine,4,mM,defined nutrient; added,2.4,approximately 48 h,integrated cellular protein (BCA; exponential growth),protein-to-gDW conversion not reported,,,composition only; no numerical Recon1 flux bound,Keibler et al. 2021 DOI:10.1111/febs.15858,Methods Cell culture; extracellular-flux protocol,5 ng/mL EGF high-growth condition; glutamine degradation corrected in flux calculations
Keibler2021_184A1_DMEM,EV_EGF0,Keibler et al. 2021,184A1 HMEC empty vector,Supplemented DMEM (Corning Mediatech; exact catalog formulation not resolved),Sodium pyruvate,0,mM,not added to experimental base; trace from complex supplements not excluded,2.4,approximately 48 h,integrated cellular protein (BCA; exponential growth),protein-to-gDW conversion not reported,,,do not infer absolute zero availability or assign an uptake bound without documenting trace assumption,Keibler et al. 2021 DOI:10.1111/febs.15858,Methods Cell culture; extracellular-flux protocol,EGF-free condition
Keibler2021_184A1_DMEM,EV_EGF5,Keibler et al. 2021,184A1 HMEC empty vector,Supplemented DMEM (Corning Mediatech; exact catalog formulation not resolved),Sodium pyruvate,0,mM,not added to experimental base; trace from complex supplements not excluded,2.4,approximately 48 h,integrated cellular protein (BCA; exponential growth),protein-to-gDW conversion not reported,,,do not infer absolute zero availability or assign an uptake bound without documenting trace assumption,Keibler et al. 2021 DOI:10.1111/febs.15858,Methods Cell culture; extracellular-flux protocol,5 ng/mL EGF high-growth condition
Keibler2021_184A1_DMEM,shared_base,Keibler et al. 2021,184A1 HMEC empty vector,Supplemented DMEM (Corning Mediatech; exact catalog formulation not resolved),HEPES,10,mM,defined supplement; added,2.4,approximately 48 h,integrated cellular protein (BCA; exponential growth),protein-to-gDW conversion not reported,,,medium composition only; assess whether a corresponding Recon1 metabolite/exchange exists,Keibler et al. 2021 DOI:10.1111/febs.15858,Methods Cell culture,Shared base formulation; EGF varied by condition
Keibler2021_184A1_DMEM,shared_base,Keibler et al. 2021,184A1 HMEC empty vector,Supplemented DMEM (Corning Mediatech; exact catalog formulation not resolved),Ethanolamine,0.1,mM,defined supplement; added,2.4,approximately 48 h,integrated cellular protein (BCA; exponential growth),protein-to-gDW conversion not reported,,,medium composition only; verify Recon1 mapping,Keibler et al. 2021 DOI:10.1111/febs.15858,Methods Cell culture,Shared base formulation
Keibler2021_184A1_DMEM,shared_base,Keibler et al. 2021,184A1 HMEC empty vector,Supplemented DMEM (Corning Mediatech; exact catalog formulation not resolved),Phosphoethanolamine,0.1,mM,defined supplement; added,2.4,approximately 48 h,integrated cellular protein (BCA; exponential growth),protein-to-gDW conversion not reported,,,medium composition only; verify Recon1 mapping,Keibler et al. 2021 DOI:10.1111/febs.15858,Methods Cell culture,Shared base formulation
Keibler2021_184A1_DMEM,shared_base,Keibler et al. 2021,184A1 HMEC empty vector,Supplemented DMEM (Corning Mediatech; exact catalog formulation not resolved),Insulin,5,ug/mL,growth supplement; not a simple nutrient bound,2.4,approximately 48 h,integrated cellular protein (BCA; exponential growth),protein-to-gDW conversion not reported,,,do not map to a nutrient exchange without justification,Keibler et al. 2021 DOI:10.1111/febs.15858,Methods Cell culture,Shared base formulation
Keibler2021_184A1_DMEM,shared_base,Keibler et al. 2021,184A1 HMEC empty vector,Supplemented DMEM (Corning Mediatech; exact catalog formulation not resolved),Hydrocortisone,0.5,ug/mL,growth supplement; not a simple nutrient bound,2.4,approximately 48 h,integrated cellular protein (BCA; exponential growth),protein-to-gDW conversion not reported,,,do not map to a nutrient exchange without justification,Keibler et al. 2021 DOI:10.1111/febs.15858,Methods Cell culture,Shared base formulation
Keibler2021_184A1_DMEM,shared_base,Keibler et al. 2021,184A1 HMEC empty vector,Supplemented DMEM (Corning Mediatech; exact catalog formulation not resolved),Transferrin,5,ug/mL,growth supplement; not a simple nutrient bound,2.4,approximately 48 h,integrated cellular protein (BCA; exponential growth),protein-to-gDW conversion not reported,,,do not map to a nutrient exchange without justification,Keibler et al. 2021 DOI:10.1111/febs.15858,Methods Cell culture,Shared base formulation
Keibler2021_184A1_DMEM,shared_base,Keibler et al. 2021,184A1 HMEC empty vector,Supplemented DMEM (Corning Mediatech; exact catalog formulation not resolved),Bovine pituitary extract,70,ug/mL,complex/undefined supplement,2.4,approximately 48 h,integrated cellular protein (BCA; exponential growth),protein-to-gDW conversion not reported,,,no guessed metabolite mapping or uptake bound,Keibler et al. 2021 DOI:10.1111/febs.15858,Methods Cell culture,Shared base formulation
Keibler2021_184A1_DMEM,shared_base,Keibler et al. 2021,184A1 HMEC empty vector,Supplemented DMEM (Corning Mediatech; exact catalog formulation not resolved),Isoproterenol,10,uM,growth/signaling supplement; not a simple nutrient bound,2.4,approximately 48 h,integrated cellular protein (BCA; exponential growth),protein-to-gDW conversion not reported,,,do not map to a nutrient exchange without justification,Keibler et al. 2021 DOI:10.1111/febs.15858,Methods Cell culture,Shared base formulation
Keibler2021_184A1_DMEM,EV_EGF0,Keibler et al. 2021,184A1 HMEC empty vector,Supplemented DMEM (Corning Mediatech; exact catalog formulation not resolved),EGF,0,ng/mL,condition-specific growth factor; zero EGF,2.4,approximately 48 h,integrated cellular protein (BCA; exponential growth),protein-to-gDW conversion not reported,,,not represented as a nutrient exchange bound,Keibler et al. 2021 DOI:10.1111/febs.15858,Methods Cell culture; Fig. 1,EGF-free/near-quiescent condition
Keibler2021_184A1_DMEM,EV_EGF5,Keibler et al. 2021,184A1 HMEC empty vector,Supplemented DMEM (Corning Mediatech; exact catalog formulation not resolved),EGF,5,ng/mL,condition-specific growth factor; added,2.4,approximately 48 h,integrated cellular protein (BCA; exponential growth),protein-to-gDW conversion not reported,,,not represented as a nutrient exchange bound,Keibler et al. 2021 DOI:10.1111/febs.15858,Methods Cell culture; Fig. 1,high-growth condition
Keibler2021_184A1_DMEM,EGF0_antiEGFR_special,Keibler et al. 2021,184A1 HMEC empty vector,Supplemented DMEM (Corning Mediatech; exact catalog formulation not resolved),Anti-EGFR antibody,0.25,ug/mL,condition-specific intervention; not part of every EGF-free experiment,2.4,approximately 48 h,integrated cellular protein (BCA; exponential growth),protein-to-gDW conversion not reported,,,do not include in baseline medium unless matching that specific experiment,Keibler et al. 2021 DOI:10.1111/febs.15858,Methods Cell culture,Some EGF-free experiments only
Keibler2021_184A1_DMEM,shared_base,Keibler et al. 2021,184A1 HMEC empty vector,Supplemented DMEM (Corning Mediatech; exact catalog formulation not resolved),DMEM basal amino acids vitamins inorganic salts,NA,formulation mixture,standard basal mixture; exact product-level composition unresolved,2.4,approximately 48 h,integrated cellular protein (BCA; exponential growth),protein-to-gDW conversion not reported,,,obtain exact catalog formulation before mapping all components,Keibler et al. 2021 DOI:10.1111/febs.15858,Methods Cell culture,Do not invent concentrations
